BehaviorSpace results (NetLogo 6.4.0),Spreadsheet version 2.0,,,,,,,,,,,,,,,,,,,,,,,,,,,,,,,,,,,,,,,,,,,,,,,,,,,,,,,,,,,,,,,,,,,,,,,,,,,,,,,,,,,,,,,,,,,,,,,,,,,,,,,,,,,,,,,,,,,,,,,,,,,,,,,,,,,,,,,,,,,,,,,,,,,,,
Champi√±ones.nlogo,,,,,,,,,,,,,,,,,,,,,,,,,,,,,,,,,,,,,,,,,,,,,,,,,,,,,,,,,,,,,,,,,,,,,,,,,,,,,,,,,,,,,,,,,,,,,,,,,,,,,,,,,,,,,,,,,,,,,,,,,,,,,,,,,,,,,,,,,,,,,,,,,,,,,,
experiment1,,,,,,,,,,,,,,,,,,,,,,,,,,,,,,,,,,,,,,,,,,,,,,,,,,,,,,,,,,,,,,,,,,,,,,,,,,,,,,,,,,,,,,,,,,,,,,,,,,,,,,,,,,,,,,,,,,,,,,,,,,,,,,,,,,,,,,,,,,,,,,,,,,,,,,
10/02/2024 16:23:04:487 -0600,,,,,,,,,,,,,,,,,,,,,,,,,,,,,,,,,,,,,,,,,,,,,,,,,,,,,,,,,,,,,,,,,,,,,,,,,,,,,,,,,,,,,,,,,,,,,,,,,,,,,,,,,,,,,,,,,,,,,,,,,,,,,,,,,,,,,,,,,,,,,,,,,,,,,,
min-pxcor,max-pxcor,min-pycor,max-pycor,,,,,,,,,,,,,,,,,,,,,,,,,,,,,,,,,,,,,,,,,,,,,,,,,,,,,,,,,,,,,,,,,,,,,,,,,,,,,,,,,,,,,,,,,,,,,,,,,,,,,,,,,,,,,,,,,,,,,,,,,,,,,,,,,,,,,,,,,,,,,,,,,,,
-16,16,-16,16,,,,,,,,,,,,,,,,,,,,,,,,,,,,,,,,,,,,,,,,,,,,,,,,,,,,,,,,,,,,,,,,,,,,,,,,,,,,,,,,,,,,,,,,,,,,,,,,,,,,,,,,,,,,,,,,,,,,,,,,,,,,,,,,,,,,,,,,,,,,,,,,,,,
[run number],1,1,1,2,2,2,3,3,3,4,4,4,5,5,5,6,6,6,7,7,7,8,8,8,9,9,9,10,10,10,11,11,11,12,12,12,13,13,13,14,14,14,15,15,15,16,16,16,17,17,17,18,18,18,19,19,19,20,20,20,21,21,21,22,22,22,23,23,23,24,24,24,25,25,25,26,26,26,27,27,27,28,28,28,29,29,29,30,30,30,31,31,31,32,32,32,33,33,33,34,34,34,35,35,35,36,36,36,37,37,37,38,38,38,39,39,39,40,40,40,41,41,41,42,42,42,43,43,43,44,44,44,45,45,45,46,46,46,47,47,47,48,48,48,49,49,49,50,50,50
[reporter],[step],count patches with [pcolor = red],count patches with [pcolor = yellow],[step],count patches with [pcolor = red],count patches with [pcolor = yellow],[step],count patches with [pcolor = red],count patches with [pcolor = yellow],[step],count patches with [pcolor = red],count patches with [pcolor = yellow],[step],count patches with [pcolor = red],count patches with [pcolor = yellow],[step],count patches with [pcolor = red],count patches with [pcolor = yellow],[step],count patches with [pcolor = red],count patches with [pcolor = yellow],[step],count patches with [pcolor = red],count patches with [pcolor = yellow],[step],count patches with [pcolor = red],count patches with [pcolor = yellow],[step],count patches with [pcolor = red],count patches with [pcolor = yellow],[step],count patches with [pcolor = red],count patches with [pcolor = yellow],[step],count patches with [pcolor = red],count patches with [pcolor = yellow],[step],count patches with [pcolor = red],count patches with [pcolor = yellow],[step],count patches with [pcolor = red],count patches with [pcolor = yellow],[step],count patches with [pcolor = red],count patches with [pcolor = yellow],[step],count patches with [pcolor = red],count patches with [pcolor = yellow],[step],count patches with [pcolor = red],count patches with [pcolor = yellow],[step],count patches with [pcolor = red],count patches with [pcolor = yellow],[step],count patches with [pcolor = red],count patches with [pcolor = yellow],[step],count patches with [pcolor = red],count patches with [pcolor = yellow],[step],count patches with [pcolor = red],count patches with [pcolor = yellow],[step],count patches with [pcolor = red],count patches with [pcolor = yellow],[step],count patches with [pcolor = red],count patches with [pcolor = yellow],[step],count patches with [pcolor = red],count patches with [pcolor = yellow],[step],count patches with [pcolor = red],count patches with [pcolor = yellow],[step],count patches with [pcolor = red],count patches with [pcolor = yellow],[step],count patches with [pcolor = red],count patches with [pcolor = yellow],[step],count patches with [pcolor = red],count patches with [pcolor = yellow],[step],count patches with [pcolor = red],count patches with [pcolor = yellow],[step],count patches with [pcolor = red],count patches with [pcolor = yellow],[step],count patches with [pcolor = red],count patches with [pcolor = yellow],[step],count patches with [pcolor = red],count patches with [pcolor = yellow],[step],count patches with [pcolor = red],count patches with [pcolor = yellow],[step],count patches with [pcolor = red],count patches with [pcolor = yellow],[step],count patches with [pcolor = red],count patches with [pcolor = yellow],[step],count patches with [pcolor = red],count patches with [pcolor = yellow],[step],count patches with [pcolor = red],count patches with [pcolor = yellow],[step],count patches with [pcolor = red],count patches with [pcolor = yellow],[step],count patches with [pcolor = red],count patches with [pcolor = yellow],[step],count patches with [pcolor = red],count patches with [pcolor = yellow],[step],count patches with [pcolor = red],count patches with [pcolor = yellow],[step],count patches with [pcolor = red],count patches with [pcolor = yellow],[step],count patches with [pcolor = red],count patches with [pcolor = yellow],[step],count patches with [pcolor = red],count patches with [pcolor = yellow],[step],count patches with [pcolor = red],count patches with [pcolor = yellow],[step],count patches with [pcolor = red],count patches with [pcolor = yellow],[step],count patches with [pcolor = red],count patches with [pcolor = yellow],[step],count patches with [pcolor = red],count patches with [pcolor = yellow],[step],count patches with [pcolor = red],count patches with [pcolor = yellow],[step],count patches with [pcolor = red],count patches with [pcolor = yellow]
[final],100,61,14,100,62,16,100,55,23,100,55,23,100,53,24,100,51,21,100,59,9,100,61,19,100,65,13,100,63,12,100,54,22,100,64,10,100,69,11,100,63,12,100,74,5,100,54,21,100,58,19,100,67,12,100,57,22,100,71,9,100,63,13,100,58,17,100,70,7,100,66,12,100,55,20,100,57,23,100,70,7,100,56,21,100,66,14,100,69,11,100,59,18,100,69,6,100,54,22,100,63,17,100,68,11,100,71,9,100,52,25,100,65,15,100,62,18,100,69,11,100,61,12,100,61,15,100,61,16,100,71,6,100,67,13,100,62,13,100,57,20,100,52,20,100,63,14,100,64,13
[min],0,61,0,0,62,0,0,55,0,0,55,0,0,53,0,0,51,0,0,59,0,0,61,0,0,65,0,0,63,0,0,54,0,0,64,0,0,69,0,0,63,0,0,74,0,0,54,0,0,58,0,0,67,0,0,57,0,0,71,0,0,63,0,0,58,0,0,70,0,0,66,0,0,55,0,0,57,0,0,70,0,0,56,0,0,66,0,0,69,0,0,59,0,0,69,0,0,54,0,0,63,0,0,68,0,0,71,0,0,52,0,0,65,0,0,62,0,0,69,0,0,61,0,0,61,0,0,61,0,0,71,0,0,67,0,0,62,0,0,57,0,0,52,0,0,63,0,0,64,0
[max],100,75,14,100,78,16,100,78,23,100,78,23,100,77,24,100,72,21,100,68,9,100,80,19,100,78,13,100,75,12,100,76,22,100,74,10,100,80,11,100,75,12,100,79,5,100,75,21,100,77,19,100,79,12,100,79,22,100,80,9,100,76,13,100,75,17,100,77,7,100,78,12,100,75,20,100,80,23,100,77,7,100,77,21,100,80,14,100,80,11,100,77,18,100,75,6,100,76,22,100,80,17,100,79,11,100,80,9,100,77,25,100,80,15,100,80,18,100,80,11,100,73,12,100,76,15,100,77,16,100,77,6,100,80,13,100,75,13,100,77,20,100,72,20,100,77,14,100,77,13
[mean],50,72.02970297,2.97029703,50,73.37623762,4.623762376,50,65.97029703,12.02970297,50,66.48514851,11.51485149,50,65.06930693,11.93069307,50,64,8,50,62.74257426,5.257425743,50,70.67326733,9.326732673,50,72.08910891,5.910891089,50,69.31683168,5.683168317,50,64.05940594,11.94059406,50,68.42574257,5.574257426,50,73.55445545,6.445544554,50,69.89108911,5.108910891,50,76.52475248,2.475247525,50,61.63366337,13.36633663,50,66.34653465,10.65346535,50,73.30693069,5.693069307,50,67.10891089,11.89108911,50,76,4,50,73.06930693,2.930693069,50,67.63366337,7.366336634,50,74.34653465,2.653465347,50,73.27722772,4.722772277,50,65.35643564,9.643564356,50,68.66336634,11.33663366,50,74.02970297,2.97029703,50,65.56435644,11.43564356,50,70.47524752,9.524752475,50,74.01980198,5.98019802,50,68.15841584,8.841584158,50,72.67326733,2.326732673,50,65.31683168,10.68316832,50,67.71287129,12.28712871,50,73.42574257,5.574257426,50,75.6039604,4.396039604,50,64.3960396,12.6039604,50,70.62376238,9.376237624,50,70.48514851,9.514851485,50,75.36633663,4.633663366,50,65.4950495,7.504950495,50,65.51485149,10.48514851,50,68.95049505,8.04950495,50,73.9009901,3.099009901,50,73.3960396,6.603960396,50,68.14851485,6.851485149,50,64.37623762,12.62376238,50,62.69306931,9.306930693,50,66.83168317,10.16831683,50,69.79207921,7.207920792
[total steps],100,100,100,100,100,100,100,100,100,100,100,100,100,100,100,100,100,100,100,100,100,100,100,100,100,100,100,100,100,100,100,100,100,100,100,100,100,100,100,100,100,100,100,100,100,100,100,100,100,100,100,100,100,100,100,100,100,100,100,100,100,100,100,100,100,100,100,100,100,100,100,100,100,100,100,100,100,100,100,100,100,100,100,100,100,100,100,100,100,100,100,100,100,100,100,100,100,100,100,100,100,100,100,100,100,100,100,100,100,100,100,100,100,100,100,100,100,100,100,100,100,100,100,100,100,100,100,100,100,100,100,100,100,100,100,100,100,100,100,100,100,100,100,100,100,100,100,100,100,100
,,,,,,,,,,,,,,,,,,,,,,,,,,,,,,,,,,,,,,,,,,,,,,,,,,,,,,,,,,,,,,,,,,,,,,,,,,,,,,,,,,,,,,,,,,,,,,,,,,,,,,,,,,,,,,,,,,,,,,,,,,,,,,,,,,,,,,,,,,,,,,,,,,,,,,
[all run data],[step],count patches with [pcolor = red],count patches with [pcolor = yellow],[step],count patches with [pcolor = red],count patches with [pcolor = yellow],[step],count patches with [pcolor = red],count patches with [pcolor = yellow],[step],count patches with [pcolor = red],count patches with [pcolor = yellow],[step],count patches with [pcolor = red],count patches with [pcolor = yellow],[step],count patches with [pcolor = red],count patches with [pcolor = yellow],[step],count patches with [pcolor = red],count patches with [pcolor = yellow],[step],count patches with [pcolor = red],count patches with [pcolor = yellow],[step],count patches with [pcolor = red],count patches with [pcolor = yellow],[step],count patches with [pcolor = red],count patches with [pcolor = yellow],[step],count patches with [pcolor = red],count patches with [pcolor = yellow],[step],count patches with [pcolor = red],count patches with [pcolor = yellow],[step],count patches with [pcolor = red],count patches with [pcolor = yellow],[step],count patches with [pcolor = red],count patches with [pcolor = yellow],[step],count patches with [pcolor = red],count patches with [pcolor = yellow],[step],count patches with [pcolor = red],count patches with [pcolor = yellow],[step],count patches with [pcolor = red],count patches with [pcolor = yellow],[step],count patches with [pcolor = red],count patches with [pcolor = yellow],[step],count patches with [pcolor = red],count patches with [pcolor = yellow],[step],count patches with [pcolor = red],count patches with [pcolor = yellow],[step],count patches with [pcolor = red],count patches with [pcolor = yellow],[step],count patches with [pcolor = red],count patches with [pcolor = yellow],[step],count patches with [pcolor = red],count patches with [pcolor = yellow],[step],count patches with [pcolor = red],count patches with [pcolor = yellow],[step],count patches with [pcolor = red],count patches with [pcolor = yellow],[step],count patches with [pcolor = red],count patches with [pcolor = yellow],[step],count patches with [pcolor = red],count patches with [pcolor = yellow],[step],count patches with [pcolor = red],count patches with [pcolor = yellow],[step],count patches with [pcolor = red],count patches with [pcolor = yellow],[step],count patches with [pcolor = red],count patches with [pcolor = yellow],[step],count patches with [pcolor = red],count patches with [pcolor = yellow],[step],count patches with [pcolor = red],count patches with [pcolor = yellow],[step],count patches with [pcolor = red],count patches with [pcolor = yellow],[step],count patches with [pcolor = red],count patches with [pcolor = yellow],[step],count patches with [pcolor = red],count patches with [pcolor = yellow],[step],count patches with [pcolor = red],count patches with [pcolor = yellow],[step],count patches with [pcolor = red],count patches with [pcolor = yellow],[step],count patches with [pcolor = red],count patches with [pcolor = yellow],[step],count patches with [pcolor = red],count patches with [pcolor = yellow],[step],count patches with [pcolor = red],count patches with [pcolor = yellow],[step],count patches with [pcolor = red],count patches with [pcolor = yellow],[step],count patches with [pcolor = red],count patches with [pcolor = yellow],[step],count patches with [pcolor = red],count patches with [pcolor = yellow],[step],count patches with [pcolor = red],count patches with [pcolor = yellow],[step],count patches with [pcolor = red],count patches with [pcolor = yellow],[step],count patches with [pcolor = red],count patches with [pcolor = yellow],[step],count patches with [pcolor = red],count patches with [pcolor = yellow],[step],count patches with [pcolor = red],count patches with [pcolor = yellow],[step],count patches with [pcolor = red],count patches with [pcolor = yellow],[step],count patches with [pcolor = red],count patches with [pcolor = yellow]
,0,75,0,0,78,0,0,78,0,0,78,0,0,77,0,0,72,0,0,68,0,0,80,0,0,78,0,0,75,0,0,76,0,0,74,0,0,80,0,0,75,0,0,79,0,0,75,0,0,77,0,0,79,0,0,79,0,0,80,0,0,76,0,0,75,0,0,77,0,0,78,0,0,75,0,0,80,0,0,77,0,0,77,0,0,80,0,0,80,0,0,77,0,0,75,0,0,76,0,0,80,0,0,79,0,0,80,0,0,77,0,0,80,0,0,80,0,0,80,0,0,73,0,0,76,0,0,77,0,0,77,0,0,80,0,0,75,0,0,77,0,0,72,0,0,77,0,0,77,0
,1,75,0,1,78,0,1,77,1,1,78,0,1,77,0,1,72,0,1,68,0,1,80,0,1,78,0,1,75,0,1,76,0,1,74,0,1,79,1,1,75,0,1,79,0,1,73,2,1,77,0,1,79,0,1,79,0,1,80,0,1,76,0,1,75,0,1,77,0,1,78,0,1,75,0,1,80,0,1,77,0,1,77,0,1,80,0,1,80,0,1,77,0,1,75,0,1,76,0,1,78,2,1,79,0,1,79,1,1,77,0,1,80,0,1,80,0,1,80,0,1,73,0,1,75,1,1,77,0,1,77,0,1,80,0,1,75,0,1,77,0,1,72,0,1,76,1,1,77,0
,2,75,0,2,78,0,2,77,1,2,78,0,2,77,0,2,70,2,2,68,0,2,80,0,2,78,0,2,75,0,2,76,0,2,74,0,2,79,1,2,74,1,2,79,0,2,72,3,2,77,0,2,79,0,2,79,0,2,80,0,2,76,0,2,75,0,2,77,0,2,78,0,2,75,0,2,80,0,2,77,0,2,77,0,2,80,0,2,80,0,2,77,0,2,75,0,2,76,0,2,77,3,2,79,0,2,78,2,2,77,0,2,80,0,2,80,0,2,80,0,2,73,0,2,73,3,2,77,0,2,76,1,2,80,0,2,75,0,2,77,0,2,72,0,2,76,1,2,77,0
,3,75,0,3,78,0,3,76,2,3,77,1,3,77,0,3,70,2,3,68,0,3,80,0,3,78,0,3,75,0,3,75,1,3,74,0,3,79,1,3,74,1,3,79,0,3,71,4,3,77,0,3,79,0,3,79,0,3,80,0,3,76,0,3,75,0,3,77,0,3,78,0,3,75,0,3,80,0,3,77,0,3,77,0,3,80,0,3,80,0,3,76,1,3,75,0,3,76,0,3,77,3,3,79,0,3,78,2,3,76,1,3,80,0,3,79,1,3,80,0,3,73,0,3,73,3,3,77,0,3,76,1,3,80,0,3,75,0,3,77,0,3,72,0,3,76,1,3,77,0
,4,75,0,4,78,0,4,75,3,4,76,2,4,77,0,4,70,2,4,68,0,4,80,0,4,78,0,4,75,0,4,75,1,4,74,0,4,79,1,4,74,1,4,79,0,4,71,4,4,77,0,4,79,0,4,79,0,4,80,0,4,76,0,4,75,0,4,77,0,4,78,0,4,75,0,4,80,0,4,77,0,4,77,0,4,79,1,4,80,0,4,76,1,4,75,0,4,76,0,4,77,3,4,79,0,4,78,2,4,75,2,4,80,0,4,79,1,4,80,0,4,73,0,4,72,4,4,77,0,4,76,1,4,80,0,4,75,0,4,77,0,4,72,0,4,76,1,4,77,0
,5,75,0,5,78,0,5,75,3,5,75,3,5,77,0,5,70,2,5,68,0,5,80,0,5,78,0,5,75,0,5,74,2,5,74,0,5,79,1,5,74,1,5,79,0,5,71,4,5,77,0,5,79,0,5,79,0,5,80,0,5,76,0,5,75,0,5,77,0,5,78,0,5,75,0,5,80,0,5,77,0,5,77,0,5,79,1,5,79,1,5,76,1,5,75,0,5,75,1,5,76,4,5,79,0,5,78,2,5,75,2,5,80,0,5,79,1,5,80,0,5,73,0,5,72,4,5,77,0,5,75,2,5,80,0,5,75,0,5,77,0,5,72,0,5,76,1,5,77,0
,6,75,0,6,78,0,6,75,3,6,75,3,6,77,0,6,69,3,6,68,0,6,80,0,6,78,0,6,75,0,6,74,2,6,74,0,6,79,1,6,74,1,6,79,0,6,71,4,6,77,0,6,79,0,6,79,0,6,80,0,6,76,0,6,75,0,6,77,0,6,78,0,6,75,0,6,80,0,6,77,0,6,76,1,6,78,2,6,79,1,6,75,2,6,75,0,6,75,1,6,76,4,6,79,0,6,78,2,6,74,3,6,80,0,6,79,1,6,80,0,6,73,0,6,71,5,6,77,0,6,75,2,6,80,0,6,75,0,6,77,0,6,72,0,6,75,2,6,77,0
,7,75,0,7,78,0,7,74,4,7,74,4,7,76,1,7,69,3,7,68,0,7,80,0,7,78,0,7,75,0,7,72,4,7,74,0,7,79,1,7,74,1,7,79,0,7,70,5,7,76,1,7,79,0,7,79,0,7,80,0,7,76,0,7,75,0,7,77,0,7,78,0,7,75,0,7,80,0,7,77,0,7,76,1,7,78,2,7,79,1,7,74,3,7,75,0,7,74,2,7,76,4,7,79,0,7,78,2,7,73,4,7,80,0,7,79,1,7,80,0,7,73,0,7,71,5,7,77,0,7,75,2,7,80,0,7,75,0,7,76,1,7,72,0,7,75,2,7,77,0
,8,75,0,8,78,0,8,74,4,8,74,4,8,76,1,8,69,3,8,68,0,8,80,0,8,78,0,8,75,0,8,71,5,8,74,0,8,79,1,8,74,1,8,79,0,8,70,5,8,76,1,8,79,0,8,79,0,8,80,0,8,76,0,8,75,0,8,77,0,8,78,0,8,75,0,8,80,0,8,77,0,8,76,1,8,78,2,8,79,1,8,74,3,8,75,0,8,74,2,8,76,4,8,79,0,8,78,2,8,73,4,8,80,0,8,79,1,8,80,0,8,73,0,8,70,6,8,77,0,8,75,2,8,80,0,8,75,0,8,76,1,8,72,0,8,74,3,8,77,0
,9,75,0,9,78,0,9,74,4,9,74,4,9,76,1,9,69,3,9,68,0,9,80,0,9,78,0,9,75,0,9,71,5,9,74,0,9,79,1,9,74,1,9,79,0,9,70,5,9,76,1,9,79,0,9,79,0,9,80,0,9,76,0,9,75,0,9,77,0,9,78,0,9,75,0,9,80,0,9,77,0,9,76,1,9,78,2,9,78,2,9,74,3,9,75,0,9,74,2,9,76,4,9,79,0,9,78,2,9,72,5,9,80,0,9,79,1,9,80,0,9,73,0,9,70,6,9,77,0,9,75,2,9,80,0,9,75,0,9,76,1,9,71,1,9,74,3,9,77,0
,10,75,0,10,78,0,10,74,4,10,73,5,10,75,2,10,69,3,10,67,1,10,80,0,10,78,0,10,75,0,10,71,5,10,74,0,10,79,1,10,74,1,10,78,1,10,69,6,10,75,2,10,78,1,10,79,0,10,80,0,10,76,0,10,75,0,10,77,0,10,78,0,10,75,0,10,80,0,10,77,0,10,76,1,10,77,3,10,78,2,10,74,3,10,75,0,10,73,3,10,75,5,10,79,0,10,78,2,10,72,5,10,80,0,10,79,1,10,80,0,10,73,0,10,70,6,10,77,0,10,75,2,10,80,0,10,75,0,10,75,2,10,71,1,10,74,3,10,76,1
,11,75,0,11,78,0,11,74,4,11,73,5,11,74,3,11,69,3,11,67,1,11,80,0,11,77,1,11,75,0,11,71,5,11,74,0,11,79,1,11,74,1,11,78,1,11,68,7,11,75,2,11,78,1,11,79,0,11,80,0,11,76,0,11,75,0,11,77,0,11,78,0,11,75,0,11,80,0,11,77,0,11,75,2,11,76,4,11,78,2,11,74,3,11,75,0,11,73,3,11,73,7,11,79,0,11,78,2,11,71,6,11,80,0,11,79,1,11,80,0,11,73,0,11,69,7,11,77,0,11,75,2,11,80,0,11,75,0,11,74,3,11,71,1,11,74,3,11,76,1
,12,75,0,12,78,0,12,74,4,12,73,5,12,73,4,12,69,3,12,67,1,12,80,0,12,77,1,12,75,0,12,70,6,12,74,0,12,79,1,12,74,1,12,78,1,12,68,7,12,75,2,12,78,1,12,79,0,12,80,0,12,76,0,12,75,0,12,77,0,12,77,1,12,75,0,12,80,0,12,77,0,12,74,3,12,76,4,12,78,2,12,74,3,12,75,0,12,73,3,12,73,7,12,79,0,12,78,2,12,71,6,12,80,0,12,79,1,12,80,0,12,73,0,12,69,7,12,77,0,12,75,2,12,80,0,12,74,1,12,73,4,12,70,2,12,74,3,12,76,1
,13,75,0,13,78,0,13,74,4,13,71,7,13,73,4,13,69,3,13,67,1,13,80,0,13,77,1,13,75,0,13,70,6,13,74,0,13,79,1,13,74,1,13,78,1,13,68,7,13,75,2,13,78,1,13,79,0,13,80,0,13,76,0,13,75,0,13,77,0,13,76,2,13,74,1,13,79,1,13,77,0,13,74,3,13,76,4,13,78,2,13,74,3,13,75,0,13,72,4,13,73,7,13,79,0,13,78,2,13,71,6,13,80,0,13,78,2,13,80,0,13,73,0,13,69,7,13,77,0,13,75,2,13,79,1,13,74,1,13,73,4,13,69,3,13,74,3,13,76,1
,14,75,0,14,78,0,14,74,4,14,71,7,14,73,4,14,69,3,14,67,1,14,80,0,14,77,1,14,75,0,14,70,6,14,74,0,14,79,1,14,74,1,14,78,1,14,68,7,14,75,2,14,78,1,14,78,1,14,80,0,14,76,0,14,75,0,14,77,0,14,76,2,14,73,2,14,78,2,14,77,0,14,74,3,14,76,4,14,78,2,14,73,4,14,75,0,14,72,4,14,73,7,14,79,0,14,78,2,14,71,6,14,80,0,14,78,2,14,80,0,14,73,0,14,69,7,14,77,0,14,75,2,14,79,1,14,74,1,14,73,4,14,68,4,14,73,4,14,76,1
,15,75,0,15,78,0,15,74,4,15,71,7,15,73,4,15,69,3,15,67,1,15,80,0,15,77,1,15,75,0,15,70,6,15,74,0,15,79,1,15,74,1,15,78,1,15,68,7,15,75,2,15,78,1,15,78,1,15,79,1,15,76,0,15,75,0,15,77,0,15,76,2,15,73,2,15,78,2,15,77,0,15,74,3,15,76,4,15,78,2,15,73,4,15,75,0,15,71,5,15,72,8,15,79,0,15,78,2,15,71,6,15,80,0,15,78,2,15,80,0,15,73,0,15,69,7,15,77,0,15,75,2,15,79,1,15,74,1,15,73,4,15,68,4,15,72,5,15,76,1
,16,75,0,16,78,0,16,74,4,16,71,7,16,73,4,16,69,3,16,67,1,16,80,0,16,77,1,16,75,0,16,69,7,16,74,0,16,79,1,16,74,1,16,77,2,16,68,7,16,75,2,16,77,2,16,77,2,16,79,1,16,76,0,16,75,0,16,77,0,16,76,2,16,73,2,16,78,2,16,76,1,16,74,3,16,75,5,16,78,2,16,73,4,16,75,0,16,71,5,16,72,8,16,79,0,16,78,2,16,71,6,16,80,0,16,77,3,16,80,0,16,73,0,16,68,8,16,77,0,16,75,2,16,79,1,16,74,1,16,72,5,16,68,4,16,71,6,16,76,1
,17,75,0,17,78,0,17,74,4,17,71,7,17,73,4,17,69,3,17,67,1,17,80,0,17,77,1,17,75,0,17,69,7,17,74,0,17,79,1,17,74,1,17,77,2,17,68,7,17,75,2,17,77,2,17,76,3,17,79,1,17,76,0,17,75,0,17,77,0,17,76,2,17,73,2,17,78,2,17,76,1,17,74,3,17,74,6,17,78,2,17,73,4,17,75,0,17,71,5,17,71,9,17,79,0,17,78,2,17,70,7,17,80,0,17,76,4,17,80,0,17,73,0,17,67,9,17,77,0,17,75,2,17,79,1,17,74,1,17,72,5,17,67,5,17,70,7,17,76,1
,18,75,0,18,78,0,18,74,4,18,71,7,18,73,4,18,69,3,18,67,1,18,80,0,18,77,1,18,75,0,18,68,8,18,74,0,18,79,1,18,74,1,18,77,2,18,67,8,18,75,2,18,77,2,18,74,5,18,79,1,18,76,0,18,75,0,18,77,0,18,75,3,18,73,2,18,78,2,18,76,1,18,74,3,18,74,6,18,78,2,18,73,4,18,75,0,18,71,5,18,71,9,18,79,0,18,78,2,18,68,9,18,79,1,18,76,4,18,80,0,18,73,0,18,67,9,18,77,0,18,75,2,18,79,1,18,74,1,18,72,5,18,67,5,18,70,7,18,76,1
,19,75,0,19,78,0,19,74,4,19,71,7,19,73,4,19,69,3,19,67,1,19,79,1,19,77,1,19,75,0,19,68,8,19,74,0,19,79,1,19,74,1,19,77,2,19,67,8,19,75,2,19,77,2,19,73,6,19,79,1,19,76,0,19,75,0,19,77,0,19,75,3,19,73,2,19,78,2,19,76,1,19,74,3,19,74,6,19,78,2,19,73,4,19,75,0,19,71,5,19,71,9,19,79,0,19,78,2,19,68,9,19,79,1,19,75,5,19,80,0,19,72,1,19,67,9,19,77,0,19,75,2,19,79,1,19,73,2,19,71,6,19,67,5,19,69,8,19,76,1
,20,75,0,20,77,1,20,73,5,20,71,7,20,72,5,20,69,3,20,67,1,20,79,1,20,77,1,20,75,0,20,68,8,20,74,0,20,79,1,20,74,1,20,77,2,20,67,8,20,75,2,20,77,2,20,71,8,20,78,2,20,76,0,20,75,0,20,76,1,20,75,3,20,73,2,20,77,3,20,76,1,20,74,3,20,74,6,20,78,2,20,73,4,20,75,0,20,70,6,20,71,9,20,79,0,20,78,2,20,68,9,20,79,1,20,74,6,20,80,0,20,72,1,20,67,9,20,77,0,20,75,2,20,78,2,20,72,3,20,71,6,20,67,5,20,69,8,20,76,1
,21,75,0,21,77,1,21,73,5,21,71,7,21,72,5,21,69,3,21,67,1,21,79,1,21,77,1,21,75,0,21,68,8,21,74,0,21,78,2,21,74,1,21,77,2,21,66,9,21,73,4,21,77,2,21,70,9,21,78,2,21,76,0,21,75,0,21,76,1,21,75,3,21,73,2,21,76,4,21,76,1,21,73,4,21,74,6,21,78,2,21,73,4,21,75,0,21,70,6,21,71,9,21,79,0,21,78,2,21,68,9,21,79,1,21,74,6,21,80,0,21,72,1,21,67,9,21,75,2,21,75,2,21,78,2,21,72,3,21,71,6,21,67,5,21,69,8,21,76,1
,22,75,0,22,76,2,22,73,5,22,71,7,22,71,6,22,69,3,22,67,1,22,79,1,22,77,1,22,74,1,22,68,8,22,74,0,22,77,3,22,74,1,22,77,2,22,65,10,22,73,4,22,77,2,22,70,9,22,78,2,22,76,0,22,75,0,22,76,1,22,75,3,22,73,2,22,76,4,22,76,1,22,73,4,22,74,6,22,78,2,22,73,4,22,75,0,22,70,6,22,71,9,22,79,0,22,78,2,22,68,9,22,79,1,22,74,6,22,80,0,22,72,1,22,67,9,22,75,2,22,75,2,22,78,2,22,72,3,22,71,6,22,67,5,22,69,8,22,76,1
,23,75,0,23,76,2,23,73,5,23,71,7,23,71,6,23,69,3,23,67,1,23,78,2,23,77,1,23,73,2,23,68,8,23,74,0,23,76,4,23,74,1,23,77,2,23,65,10,23,73,4,23,77,2,23,69,10,23,78,2,23,76,0,23,75,0,23,76,1,23,75,3,23,73,2,23,76,4,23,75,2,23,72,5,23,74,6,23,78,2,23,73,4,23,75,0,23,70,6,23,71,9,23,79,0,23,78,2,23,68,9,23,79,1,23,73,7,23,80,0,23,72,1,23,67,9,23,74,3,23,75,2,23,77,3,23,72,3,23,71,6,23,66,6,23,69,8,23,76,1
,24,75,0,24,76,2,24,73,5,24,71,7,24,71,6,24,69,3,24,67,1,24,78,2,24,77,1,24,72,3,24,68,8,24,74,0,24,76,4,24,74,1,24,77,2,24,64,11,24,72,5,24,77,2,24,68,11,24,78,2,24,76,0,24,75,0,24,75,2,24,75,3,24,73,2,24,75,5,24,75,2,24,71,6,24,73,7,24,78,2,24,73,4,24,75,0,24,70,6,24,71,9,24,78,1,24,78,2,24,68,9,24,79,1,24,73,7,24,80,0,24,72,1,24,66,10,24,74,3,24,75,2,24,77,3,24,72,3,24,71,6,24,66,6,24,69,8,24,76,1
,25,75,0,25,76,2,25,73,5,25,71,7,25,71,6,25,69,3,25,66,2,25,77,3,25,76,2,25,71,4,25,68,8,25,74,0,25,76,4,25,74,1,25,77,2,25,64,11,25,72,5,25,77,2,25,68,11,25,78,2,25,76,0,25,75,0,25,75,2,25,75,3,25,73,2,25,75,5,25,75,2,25,71,6,25,73,7,25,78,2,25,72,5,25,75,0,25,70,6,25,71,9,25,78,1,25,78,2,25,68,9,25,79,1,25,73,7,25,80,0,25,72,1,25,66,10,25,74,3,25,75,2,25,76,4,25,72,3,25,71,6,25,65,7,25,69,8,25,75,2
,26,75,0,26,76,2,26,73,5,26,71,7,26,71,6,26,69,3,26,65,3,26,77,3,26,76,2,26,70,5,26,68,8,26,74,0,26,76,4,26,73,2,26,77,2,26,64,11,26,72,5,26,77,2,26,68,11,26,78,2,26,75,1,26,75,0,26,75,2,26,75,3,26,73,2,26,74,6,26,75,2,26,71,6,26,73,7,26,78,2,26,72,5,26,75,0,26,70,6,26,71,9,26,78,1,26,78,2,26,68,9,26,79,1,26,73,7,26,80,0,26,71,2,26,66,10,26,73,4,26,75,2,26,76,4,26,72,3,26,71,6,26,64,8,26,69,8,26,75,2
,27,75,0,27,76,2,27,73,5,27,71,7,27,70,7,27,69,3,27,65,3,27,77,3,27,76,2,27,70,5,27,68,8,27,73,1,27,76,4,27,72,3,27,77,2,27,64,11,27,70,7,27,77,2,27,68,11,27,78,2,27,75,1,27,75,0,27,75,2,27,75,3,27,73,2,27,73,7,27,75,2,27,70,7,27,73,7,27,78,2,27,72,5,27,75,0,27,70,6,27,71,9,27,77,2,27,78,2,27,68,9,27,78,2,27,73,7,27,80,0,27,71,2,27,66,10,27,73,4,27,75,2,27,75,5,27,71,4,27,71,6,27,64,8,27,68,9,27,74,3
,28,75,0,28,76,2,28,73,5,28,71,7,28,70,7,28,69,3,28,65,3,28,77,3,28,75,3,28,70,5,28,68,8,28,73,1,28,75,5,28,72,3,28,77,2,28,64,11,28,70,7,28,77,2,28,68,11,28,78,2,28,75,1,28,75,0,28,75,2,28,75,3,28,73,2,28,73,7,28,75,2,28,70,7,28,73,7,28,77,3,28,72,5,28,75,0,28,70,6,28,71,9,28,77,2,28,78,2,28,68,9,28,77,3,28,73,7,28,80,0,28,71,2,28,66,10,28,73,4,28,75,2,28,75,5,28,71,4,28,71,6,28,64,8,28,68,9,28,74,3
,29,75,0,29,76,2,29,73,5,29,71,7,29,70,7,29,69,3,29,64,4,29,77,3,29,74,4,29,70,5,29,68,8,29,73,1,29,75,5,29,72,3,29,77,2,29,64,11,29,69,8,29,77,2,29,68,11,29,78,2,29,75,1,29,75,0,29,75,2,29,75,3,29,73,2,29,73,7,29,75,2,29,70,7,29,73,7,29,77,3,29,71,6,29,75,0,29,70,6,29,71,9,29,76,3,29,78,2,29,67,10,29,77,3,29,73,7,29,80,0,29,71,2,29,66,10,29,72,5,29,75,2,29,75,5,29,71,4,29,71,6,29,64,8,29,68,9,29,74,3
,30,75,0,30,76,2,30,73,5,30,71,7,30,70,7,30,69,3,30,64,4,30,76,4,30,74,4,30,70,5,30,68,8,30,73,1,30,75,5,30,71,4,30,77,2,30,64,11,30,69,8,30,77,2,30,68,11,30,78,2,30,75,1,30,75,0,30,75,2,30,75,3,30,72,3,30,73,7,30,75,2,30,70,7,30,73,7,30,77,3,30,71,6,30,75,0,30,70,6,30,71,9,30,76,3,30,78,2,30,67,10,30,77,3,30,73,7,30,79,1,30,70,3,30,66,10,30,72,5,30,75,2,30,75,5,30,71,4,30,71,6,30,64,8,30,68,9,30,74,3
,31,75,0,31,76,2,31,73,5,31,71,7,31,70,7,31,69,3,31,64,4,31,76,4,31,74,4,31,70,5,31,68,8,31,73,1,31,75,5,31,71,4,31,77,2,31,64,11,31,69,8,31,77,2,31,68,11,31,78,2,31,75,1,31,75,0,31,75,2,31,75,3,31,72,3,31,72,8,31,75,2,31,70,7,31,73,7,31,77,3,31,71,6,31,75,0,31,70,6,31,71,9,31,76,3,31,78,2,31,67,10,31,76,4,31,73,7,31,79,1,31,69,4,31,66,10,31,72,5,31,75,2,31,75,5,31,71,4,31,71,6,31,64,8,31,68,9,31,73,4
,32,75,0,32,76,2,32,73,5,32,71,7,32,70,7,32,69,3,32,63,5,32,75,5,32,74,4,32,70,5,32,68,8,32,73,1,32,75,5,32,71,4,32,77,2,32,63,12,32,68,9,32,77,2,32,68,11,32,78,2,32,75,1,32,75,0,32,75,2,32,75,3,32,72,3,32,71,9,32,75,2,32,70,7,32,73,7,32,76,4,32,71,6,32,75,0,32,70,6,32,71,9,32,76,3,32,78,2,32,67,10,32,76,4,32,73,7,32,79,1,32,69,4,32,66,10,32,72,5,32,75,2,32,75,5,32,71,4,32,71,6,32,64,8,32,68,9,32,71,6
,33,75,0,33,76,2,33,73,5,33,71,7,33,70,7,33,69,3,33,63,5,33,75,5,33,74,4,33,70,5,33,68,8,33,72,2,33,75,5,33,71,4,33,77,2,33,63,12,33,67,10,33,77,2,33,68,11,33,78,2,33,75,1,33,75,0,33,75,2,33,75,3,33,71,4,33,70,10,33,75,2,33,69,8,33,73,7,33,76,4,33,71,6,33,75,0,33,70,6,33,71,9,33,76,3,33,78,2,33,67,10,33,75,5,33,73,7,33,79,1,33,69,4,33,66,10,33,72,5,33,75,2,33,75,5,33,71,4,33,71,6,33,64,8,33,68,9,33,70,7
,34,75,0,34,76,2,34,73,5,34,71,7,34,70,7,34,69,3,34,63,5,34,75,5,34,74,4,34,70,5,34,68,8,34,71,3,34,75,5,34,71,4,34,77,2,34,63,12,34,67,10,34,77,2,34,68,11,34,78,2,34,75,1,34,75,0,34,75,2,34,75,3,34,71,4,34,69,11,34,75,2,34,69,8,34,73,7,34,76,4,34,71,6,34,75,0,34,70,6,34,71,9,34,75,4,34,78,2,34,67,10,34,74,6,34,73,7,34,79,1,34,68,5,34,66,10,34,72,5,34,75,2,34,75,5,34,71,4,34,70,7,34,64,8,34,68,9,34,70,7
,35,75,0,35,76,2,35,73,5,35,71,7,35,70,7,35,69,3,35,63,5,35,75,5,35,74,4,35,70,5,35,67,9,35,70,4,35,75,5,35,71,4,35,77,2,35,62,13,35,66,11,35,77,2,35,68,11,35,78,2,35,75,1,35,75,0,35,75,2,35,75,3,35,70,5,35,68,12,35,75,2,35,68,9,35,73,7,35,76,4,35,71,6,35,75,0,35,70,6,35,71,9,35,74,5,35,77,3,35,67,10,35,73,7,35,73,7,35,79,1,35,66,7,35,66,10,35,72,5,35,75,2,35,75,5,35,71,4,35,70,7,35,64,8,35,68,9,35,70,7
,36,75,0,36,76,2,36,73,5,36,71,7,36,70,7,36,69,3,36,63,5,36,75,5,36,74,4,36,70,5,36,67,9,36,70,4,36,75,5,36,70,5,36,77,2,36,62,13,36,66,11,36,77,2,36,68,11,36,78,2,36,75,1,36,73,2,36,75,2,36,75,3,36,69,6,36,68,12,36,75,2,36,68,9,36,73,7,36,76,4,36,71,6,36,75,0,36,70,6,36,71,9,36,73,6,36,76,4,36,67,10,36,72,8,36,73,7,36,79,1,36,65,8,36,66,10,36,71,6,36,75,2,36,75,5,36,71,4,36,69,8,36,63,9,36,68,9,36,70,7
,37,75,0,37,76,2,37,72,6,37,71,7,37,70,7,37,69,3,37,63,5,37,75,5,37,74,4,37,70,5,37,67,9,37,70,4,37,75,5,37,70,5,37,77,2,37,62,13,37,66,11,37,77,2,37,68,11,37,78,2,37,75,1,37,73,2,37,75,2,37,75,3,37,69,6,37,68,12,37,75,2,37,68,9,37,73,7,37,75,5,37,71,6,37,75,0,37,70,6,37,70,10,37,73,6,37,76,4,37,67,10,37,71,9,37,73,7,37,79,1,37,64,9,37,66,10,37,71,6,37,75,2,37,75,5,37,71,4,37,68,9,37,63,9,37,68,9,37,70,7
,38,75,0,38,76,2,38,71,7,38,71,7,38,70,7,38,69,3,38,63,5,38,75,5,38,74,4,38,69,6,38,67,9,38,70,4,38,75,5,38,70,5,38,77,2,38,62,13,38,66,11,38,77,2,38,68,11,38,78,2,38,75,1,38,73,2,38,75,2,38,75,3,38,68,7,38,68,12,38,75,2,38,68,9,38,73,7,38,74,6,38,71,6,38,74,1,38,70,6,38,70,10,38,73,6,38,76,4,38,67,10,38,70,10,38,73,7,38,79,1,38,64,9,38,66,10,38,71,6,38,75,2,38,75,5,38,71,4,38,67,10,38,63,9,38,67,10,38,70,7
,39,75,0,39,76,2,39,70,8,39,71,7,39,70,7,39,69,3,39,63,5,39,75,5,39,73,5,39,69,6,39,66,10,39,70,4,39,75,5,39,70,5,39,77,2,39,62,13,39,66,11,39,77,2,39,68,11,39,78,2,39,75,1,39,73,2,39,75,2,39,75,3,39,68,7,39,68,12,39,75,2,39,68,9,39,73,7,39,74,6,39,70,7,39,74,1,39,70,6,39,69,11,39,73,6,39,76,4,39,67,10,39,70,10,39,73,7,39,79,1,39,64,9,39,66,10,39,70,7,39,75,2,39,75,5,39,71,4,39,66,11,39,63,9,39,66,11,39,70,7
,40,75,0,40,76,2,40,69,9,40,71,7,40,70,7,40,69,3,40,63,5,40,73,7,40,72,6,40,69,6,40,66,10,40,69,5,40,74,6,40,70,5,40,77,2,40,62,13,40,66,11,40,77,2,40,68,11,40,78,2,40,75,1,40,72,3,40,75,2,40,75,3,40,67,8,40,67,13,40,75,2,40,68,9,40,73,7,40,74,6,40,69,8,40,74,1,40,70,6,40,69,11,40,73,6,40,75,5,40,67,10,40,70,10,40,73,7,40,79,1,40,64,9,40,66,10,40,70,7,40,75,2,40,75,5,40,71,4,40,66,11,40,63,9,40,66,11,40,70,7
,41,75,0,41,76,2,41,69,9,41,70,8,41,70,7,41,68,4,41,62,6,41,73,7,41,72,6,41,69,6,41,66,10,41,69,5,41,74,6,41,70,5,41,77,2,41,62,13,41,66,11,41,77,2,41,68,11,41,78,2,41,75,1,41,71,4,41,75,2,41,75,3,41,66,9,41,66,14,41,75,2,41,68,9,41,73,7,41,74,6,41,69,8,41,73,2,41,70,6,41,69,11,41,73,6,41,75,5,41,67,10,41,69,11,41,73,7,41,79,1,41,63,10,41,66,10,41,70,7,41,75,2,41,74,6,41,71,4,41,66,11,41,63,9,41,66,11,41,70,7
,42,75,0,42,76,2,42,69,9,42,70,8,42,70,7,42,67,5,42,62,6,42,73,7,42,72,6,42,69,6,42,65,11,42,69,5,42,74,6,42,70,5,42,77,2,42,62,13,42,66,11,42,77,2,42,68,11,42,78,2,42,75,1,42,71,4,42,75,2,42,75,3,42,65,10,42,66,14,42,75,2,42,68,9,42,73,7,42,74,6,42,69,8,42,73,2,42,70,6,42,69,11,42,73,6,42,75,5,42,67,10,42,68,12,42,73,7,42,79,1,42,63,10,42,66,10,42,70,7,42,75,2,42,73,7,42,71,4,42,64,13,42,63,9,42,65,12,42,70,7
,43,75,0,43,76,2,43,68,10,43,69,9,43,69,8,43,67,5,43,62,6,43,71,9,43,72,6,43,69,6,43,65,11,43,69,5,43,74,6,43,70,5,43,77,2,43,62,13,43,65,12,43,77,2,43,68,11,43,78,2,43,75,1,43,69,6,43,75,2,43,75,3,43,65,10,43,66,14,43,75,2,43,68,9,43,72,8,43,74,6,43,69,8,43,73,2,43,70,6,43,69,11,43,73,6,43,75,5,43,67,10,43,68,12,43,73,7,43,78,2,43,63,10,43,66,10,43,70,7,43,75,2,43,73,7,43,71,4,43,64,13,43,63,9,43,65,12,43,69,8
,44,75,0,44,76,2,44,68,10,44,69,9,44,68,9,44,67,5,44,62,6,44,71,9,44,72,6,44,69,6,44,65,11,44,69,5,44,74,6,44,70,5,44,77,2,44,62,13,44,65,12,44,77,2,44,68,11,44,78,2,44,75,1,44,69,6,44,75,2,44,75,3,44,65,10,44,66,14,44,75,2,44,68,9,44,71,9,44,74,6,44,69,8,44,73,2,44,70,6,44,68,12,44,73,6,44,75,5,44,67,10,44,68,12,44,73,7,44,78,2,44,63,10,44,66,10,44,70,7,44,75,2,44,73,7,44,71,4,44,64,13,44,63,9,44,65,12,44,69,8
,45,75,0,45,76,2,45,68,10,45,69,9,45,68,9,45,67,5,45,62,6,45,71,9,45,72,6,45,69,6,45,65,11,45,68,6,45,74,6,45,70,5,45,77,2,45,62,13,45,65,12,45,76,3,45,68,11,45,78,2,45,75,1,45,68,7,45,75,2,45,75,3,45,64,11,45,66,14,45,75,2,45,67,10,45,71,9,45,74,6,45,69,8,45,73,2,45,70,6,45,68,12,45,73,6,45,75,5,45,67,10,45,68,12,45,73,7,45,78,2,45,63,10,45,66,10,45,70,7,45,75,2,45,73,7,45,71,4,45,63,14,45,63,9,45,64,13,45,69,8
,46,75,0,46,76,2,46,68,10,46,69,9,46,67,10,46,67,5,46,62,6,46,71,9,46,72,6,46,69,6,46,64,12,46,67,7,46,74,6,46,70,5,46,77,2,46,62,13,46,65,12,46,75,4,46,68,11,46,78,2,46,75,1,46,67,8,46,75,2,46,74,4,46,63,12,46,66,14,46,75,2,46,66,11,46,71,9,46,74,6,46,69,8,46,73,2,46,69,7,46,68,12,46,73,6,46,75,5,46,67,10,46,68,12,46,73,7,46,78,2,46,63,10,46,66,10,46,70,7,46,75,2,46,73,7,46,71,4,46,63,14,46,63,9,46,64,13,46,69,8
,47,75,0,47,76,2,47,68,10,47,68,10,47,66,11,47,67,5,47,62,6,47,70,10,47,71,7,47,69,6,47,64,12,47,67,7,47,74,6,47,70,5,47,77,2,47,62,13,47,64,13,47,74,5,47,68,11,47,78,2,47,75,1,47,66,9,47,75,2,47,74,4,47,63,12,47,66,14,47,75,2,47,65,12,47,71,9,47,74,6,47,69,8,47,73,2,47,68,8,47,68,12,47,73,6,47,75,5,47,67,10,47,68,12,47,73,7,47,78,2,47,63,10,47,66,10,47,70,7,47,75,2,47,73,7,47,71,4,47,63,14,47,63,9,47,64,13,47,69,8
,48,75,0,48,76,2,48,68,10,48,68,10,48,66,11,48,66,6,48,62,6,48,70,10,48,71,7,48,69,6,48,64,12,48,67,7,48,74,6,48,70,5,48,77,2,48,62,13,48,64,13,48,73,6,48,68,11,48,78,2,48,75,1,48,66,9,48,75,2,48,74,4,48,63,12,48,66,14,48,75,2,48,65,12,48,71,9,48,74,6,48,69,8,48,73,2,48,68,8,48,67,13,48,73,6,48,75,5,48,67,10,48,67,13,48,73,7,48,78,2,48,63,10,48,66,10,48,70,7,48,75,2,48,73,7,48,71,4,48,61,16,48,63,9,48,64,13,48,69,8
,49,75,0,49,76,2,49,68,10,49,67,11,49,65,12,49,66,6,49,62,6,49,70,10,49,71,7,49,69,6,49,64,12,49,67,7,49,74,6,49,70,5,49,77,2,49,62,13,49,64,13,49,71,8,49,68,11,49,78,2,49,75,1,49,66,9,49,75,2,49,73,5,49,63,12,49,66,14,49,75,2,49,65,12,49,71,9,49,74,6,49,69,8,49,73,2,49,68,8,49,65,15,49,73,6,49,75,5,49,67,10,49,67,13,49,73,7,49,78,2,49,62,11,49,66,10,49,70,7,49,75,2,49,73,7,49,71,4,49,60,17,49,63,9,49,64,13,49,69,8
,50,75,0,50,76,2,50,67,11,50,66,12,50,65,12,50,66,6,50,62,6,50,70,10,50,71,7,50,69,6,50,64,12,50,67,7,50,74,6,50,70,5,50,77,2,50,62,13,50,63,14,50,71,8,50,68,11,50,78,2,50,75,1,50,66,9,50,75,2,50,73,5,50,63,12,50,66,14,50,75,2,50,64,13,50,71,9,50,74,6,50,69,8,50,73,2,50,68,8,50,65,15,50,73,6,50,75,5,50,66,11,50,66,14,50,73,7,50,78,2,50,62,11,50,65,11,50,70,7,50,75,2,50,73,7,50,71,4,50,60,17,50,63,9,50,64,13,50,69,8
,51,75,0,51,76,2,51,67,11,51,66,12,51,65,12,51,66,6,51,62,6,51,69,11,51,71,7,51,69,6,51,64,12,51,67,7,51,74,6,51,70,5,51,77,2,51,61,14,51,63,14,51,70,9,51,67,12,51,78,2,51,75,1,51,66,9,51,75,2,51,73,5,51,62,13,51,66,14,51,75,2,51,64,13,51,71,9,51,74,6,51,69,8,51,73,2,51,67,9,51,65,15,51,73,6,51,75,5,51,66,11,51,66,14,51,73,7,51,77,3,51,62,11,51,64,12,51,70,7,51,75,2,51,73,7,51,71,4,51,60,17,51,63,9,51,64,13,51,69,8
,52,75,0,52,75,3,52,66,12,52,65,13,52,64,13,52,66,6,52,62,6,52,69,11,52,71,7,52,69,6,52,63,13,52,67,7,52,74,6,52,70,5,52,77,2,52,61,14,52,63,14,52,70,9,52,66,13,52,78,2,52,75,1,52,65,10,52,75,2,52,73,5,52,61,14,52,66,14,52,75,2,52,64,13,52,70,10,52,73,7,52,68,9,52,73,2,52,65,11,52,65,15,52,72,7,52,75,5,52,65,12,52,66,14,52,73,7,52,77,3,52,62,11,52,64,12,52,69,8,52,75,2,52,73,7,52,71,4,52,59,18,52,63,9,52,64,13,52,68,9
,53,75,0,53,75,3,53,66,12,53,65,13,53,64,13,53,66,6,53,62,6,53,69,11,53,71,7,53,69,6,53,63,13,53,67,7,53,73,7,53,69,6,53,77,2,53,61,14,53,63,14,53,70,9,53,66,13,53,77,3,53,75,1,53,65,10,53,75,2,53,73,5,53,61,14,53,66,14,53,75,2,53,63,14,53,69,11,53,73,7,53,68,9,53,73,2,53,65,11,53,65,15,53,72,7,53,75,5,53,65,12,53,66,14,53,73,7,53,77,3,53,62,11,53,64,12,53,69,8,53,75,2,53,73,7,53,71,4,53,59,18,53,63,9,53,64,13,53,68,9
,54,75,0,54,75,3,54,65,13,54,65,13,54,63,14,54,66,6,54,62,6,54,69,11,54,71,7,54,69,6,54,63,13,54,67,7,54,73,7,54,69,6,54,76,3,54,61,14,54,63,14,54,70,9,54,66,13,54,76,4,54,75,1,54,65,10,54,75,2,54,73,5,54,61,14,54,66,14,54,75,2,54,63,14,54,69,11,54,73,7,54,68,9,54,73,2,54,65,11,54,64,16,54,72,7,54,75,5,54,65,12,54,66,14,54,73,7,54,77,3,54,62,11,54,64,12,54,69,8,54,75,2,54,73,7,54,71,4,54,59,18,54,63,9,54,64,13,54,68,9
,55,75,0,55,74,4,55,64,14,55,65,13,55,63,14,55,66,6,55,61,7,55,69,11,55,71,7,55,69,6,55,63,13,55,67,7,55,73,7,55,69,6,55,76,3,55,61,14,55,63,14,55,70,9,55,66,13,55,76,4,55,75,1,55,64,11,55,75,2,55,73,5,55,61,14,55,65,15,55,75,2,55,63,14,55,69,11,55,73,7,55,68,9,55,73,2,55,65,11,55,64,16,55,72,7,55,75,5,55,65,12,55,66,14,55,73,7,55,76,4,55,62,11,55,64,12,55,68,9,55,75,2,55,73,7,55,71,4,55,59,18,55,63,9,55,64,13,55,68,9
,56,75,0,56,74,4,56,64,14,56,65,13,56,63,14,56,66,6,56,61,7,56,68,12,56,71,7,56,69,6,56,63,13,56,67,7,56,73,7,56,69,6,56,76,3,56,61,14,56,62,15,56,70,9,56,66,13,56,76,4,56,75,1,56,64,11,56,75,2,56,73,5,56,61,14,56,65,15,56,75,2,56,62,15,56,68,12,56,73,7,56,68,9,56,73,2,56,65,11,56,64,16,56,72,7,56,75,5,56,65,12,56,66,14,56,73,7,56,76,4,56,62,11,56,64,12,56,68,9,56,75,2,56,73,7,56,70,5,56,59,18,56,63,9,56,64,13,56,68,9
,57,75,0,57,74,4,57,63,15,57,65,13,57,63,14,57,66,6,57,61,7,57,68,12,57,71,7,57,69,6,57,63,13,57,67,7,57,72,8,57,69,6,57,76,3,57,61,14,57,62,15,57,70,9,57,66,13,57,76,4,57,75,1,57,64,11,57,74,3,57,73,5,57,61,14,57,65,15,57,75,2,57,62,15,57,68,12,57,73,7,57,67,10,57,73,2,57,65,11,57,64,16,57,72,7,57,75,5,57,65,12,57,66,14,57,73,7,57,76,4,57,62,11,57,64,12,57,68,9,57,74,3,57,73,7,57,70,5,57,59,18,57,63,9,57,64,13,57,68,9
,58,75,0,58,74,4,58,62,16,58,65,13,58,63,14,58,66,6,58,61,7,58,67,13,58,71,7,58,69,6,58,63,13,58,67,7,58,72,8,58,69,6,58,76,3,58,61,14,58,62,15,58,70,9,58,66,13,58,75,5,58,75,1,58,63,12,58,74,3,58,73,5,58,61,14,58,65,15,58,74,3,58,62,15,58,66,14,58,73,7,58,67,10,58,73,2,58,65,11,58,64,16,58,72,7,58,75,5,58,65,12,58,66,14,58,73,7,58,75,5,58,62,11,58,64,12,58,67,10,58,74,3,58,72,8,58,69,6,58,59,18,58,63,9,58,64,13,58,68,9
,59,75,0,59,74,4,59,62,16,59,65,13,59,62,15,59,66,6,59,61,7,59,66,14,59,71,7,59,69,6,59,63,13,59,67,7,59,71,9,59,69,6,59,76,3,59,61,14,59,62,15,59,70,9,59,66,13,59,75,5,59,75,1,59,63,12,59,74,3,59,73,5,59,61,14,59,65,15,59,73,4,59,61,16,59,66,14,59,73,7,59,67,10,59,73,2,59,64,12,59,64,16,59,72,7,59,75,5,59,64,13,59,66,14,59,72,8,59,75,5,59,62,11,59,64,12,59,67,10,59,74,3,59,72,8,59,67,8,59,59,18,59,63,9,59,64,13,59,68,9
,60,75,0,60,74,4,60,62,16,60,65,13,60,61,16,60,65,7,60,60,8,60,66,14,60,71,7,60,69,6,60,63,13,60,67,7,60,71,9,60,69,6,60,76,3,60,61,14,60,62,15,60,70,9,60,66,13,60,74,6,60,74,2,60,63,12,60,74,3,60,73,5,60,61,14,60,65,15,60,73,4,60,61,16,60,66,14,60,73,7,60,67,10,60,72,3,60,64,12,60,64,16,60,72,7,60,75,5,60,64,13,60,66,14,60,71,9,60,75,5,60,62,11,60,64,12,60,66,11,60,74,3,60,71,9,60,65,10,60,59,18,60,63,9,60,64,13,60,68,9
,61,75,0,61,74,4,61,62,16,61,65,13,61,61,16,61,65,7,61,60,8,61,66,14,61,71,7,61,69,6,61,63,13,61,67,7,61,71,9,61,69,6,61,76,3,61,61,14,61,62,15,61,70,9,61,66,13,61,74,6,61,74,2,61,63,12,61,74,3,61,73,5,61,61,14,61,65,15,61,72,5,61,61,16,61,66,14,61,73,7,61,67,10,61,72,3,61,63,13,61,64,16,61,72,7,61,75,5,61,64,13,61,66,14,61,71,9,61,75,5,61,62,11,61,64,12,61,66,11,61,74,3,61,71,9,61,65,10,61,59,18,61,63,9,61,64,13,61,68,9
,62,75,0,62,74,4,62,62,16,62,65,13,62,61,16,62,64,8,62,60,8,62,66,14,62,70,8,62,69,6,62,62,14,62,65,9,62,70,10,62,69,6,62,76,3,62,61,14,62,62,15,62,70,9,62,66,13,62,74,6,62,73,3,62,63,12,62,74,3,62,73,5,62,61,14,62,65,15,62,72,5,62,61,16,62,66,14,62,73,7,62,67,10,62,72,3,62,62,14,62,64,16,62,72,7,62,75,5,62,63,14,62,66,14,62,70,10,62,75,5,62,62,11,62,64,12,62,65,12,62,74,3,62,71,9,62,64,11,62,59,18,62,63,9,62,64,13,62,67,10
,63,75,0,63,74,4,63,62,16,63,65,13,63,61,16,63,64,8,63,60,8,63,66,14,63,70,8,63,69,6,63,62,14,63,64,10,63,70,10,63,69,6,63,76,3,63,61,14,63,62,15,63,70,9,63,65,14,63,74,6,63,73,3,63,63,12,63,74,3,63,73,5,63,61,14,63,65,15,63,72,5,63,61,16,63,66,14,63,73,7,63,67,10,63,72,3,63,61,15,63,64,16,63,72,7,63,75,5,63,63,14,63,66,14,63,70,10,63,74,6,63,62,11,63,64,12,63,65,12,63,74,3,63,71,9,63,63,12,63,59,18,63,62,10,63,64,13,63,67,10
,64,74,1,64,74,4,64,62,16,64,64,14,64,61,16,64,64,8,64,60,8,64,66,14,64,70,8,64,69,6,64,62,14,64,64,10,64,70,10,64,69,6,64,76,3,64,60,15,64,62,15,64,70,9,64,65,14,64,74,6,64,73,3,64,63,12,64,74,3,64,73,5,64,61,14,64,65,15,64,72,5,64,61,16,64,66,14,64,73,7,64,66,11,64,72,3,64,60,16,64,64,16,64,71,8,64,75,5,64,63,14,64,66,14,64,69,11,64,73,7,64,62,11,64,64,12,64,65,12,64,74,3,64,71,9,64,63,12,64,59,18,64,62,10,64,64,13,64,67,10
,65,73,2,65,74,4,65,62,16,65,63,15,65,61,16,65,64,8,65,60,8,65,66,14,65,70,8,65,69,6,65,62,14,65,64,10,65,70,10,65,69,6,65,76,3,65,60,15,65,62,15,65,70,9,65,65,14,65,74,6,65,73,3,65,63,12,65,74,3,65,73,5,65,61,14,65,65,15,65,72,5,65,60,17,65,66,14,65,73,7,65,65,12,65,72,3,65,60,16,65,64,16,65,71,8,65,75,5,65,62,15,65,66,14,65,68,12,65,72,8,65,62,11,65,64,12,65,64,13,65,74,3,65,71,9,65,63,12,65,59,18,65,61,11,65,64,13,65,66,11
,66,73,2,66,74,4,66,62,16,66,63,15,66,61,16,66,64,8,66,60,8,66,66,14,66,70,8,66,69,6,66,62,14,66,64,10,66,70,10,66,69,6,66,76,3,66,60,15,66,62,15,66,70,9,66,64,15,66,74,6,66,73,3,66,62,13,66,74,3,66,73,5,66,61,14,66,65,15,66,72,5,66,60,17,66,66,14,66,73,7,66,64,13,66,72,3,66,60,16,66,64,16,66,71,8,66,75,5,66,62,15,66,66,14,66,68,12,66,72,8,66,62,11,66,64,12,66,64,13,66,74,3,66,71,9,66,62,13,66,59,18,66,61,11,66,64,13,66,66,11
,67,72,3,67,73,5,67,62,16,67,62,16,67,61,16,67,64,8,67,60,8,67,66,14,67,70,8,67,69,6,67,62,14,67,64,10,67,70,10,67,69,6,67,76,3,67,60,15,67,62,15,67,70,9,67,64,15,67,74,6,67,73,3,67,62,13,67,74,3,67,73,5,67,61,14,67,65,15,67,72,5,67,59,18,67,66,14,67,73,7,67,64,13,67,72,3,67,60,16,67,64,16,67,70,9,67,75,5,67,62,15,67,66,14,67,68,12,67,72,8,67,62,11,67,64,12,67,63,14,67,74,3,67,71,9,67,62,13,67,59,18,67,61,11,67,64,13,67,66,11
,68,72,3,68,73,5,68,62,16,68,62,16,68,61,16,68,63,9,68,60,8,68,66,14,68,70,8,68,69,6,68,62,14,68,64,10,68,70,10,68,69,6,68,76,3,68,60,15,68,62,15,68,70,9,68,64,15,68,73,7,68,73,3,68,62,13,68,74,3,68,73,5,68,61,14,68,65,15,68,72,5,68,59,18,68,66,14,68,73,7,68,63,14,68,72,3,68,60,16,68,64,16,68,70,9,68,75,5,68,62,15,68,66,14,68,67,13,68,71,9,68,62,11,68,64,12,68,63,14,68,74,3,68,71,9,68,62,13,68,59,18,68,61,11,68,64,13,68,66,11
,69,71,4,69,72,6,69,61,17,69,62,16,69,61,16,69,63,9,69,60,8,69,66,14,69,70,8,69,69,6,69,62,14,69,64,10,69,70,10,69,69,6,69,76,3,69,60,15,69,62,15,69,70,9,69,63,16,69,73,7,69,73,3,69,62,13,69,74,3,69,73,5,69,61,14,69,65,15,69,72,5,69,59,18,69,66,14,69,73,7,69,63,14,69,72,3,69,60,16,69,64,16,69,70,9,69,75,5,69,62,15,69,66,14,69,67,13,69,71,9,69,62,11,69,64,12,69,63,14,69,74,3,69,71,9,69,62,13,69,59,18,69,61,11,69,64,13,69,66,11
,70,71,4,70,72,6,70,60,18,70,62,16,70,60,17,70,61,11,70,60,8,70,66,14,70,70,8,70,68,7,70,62,14,70,64,10,70,70,10,70,69,6,70,76,3,70,60,15,70,62,15,70,70,9,70,63,16,70,73,7,70,73,3,70,62,13,70,74,3,70,72,6,70,60,15,70,65,15,70,72,5,70,59,18,70,66,14,70,73,7,70,63,14,70,72,3,70,60,16,70,64,16,70,70,9,70,75,5,70,61,16,70,65,15,70,66,14,70,71,9,70,62,11,70,64,12,70,63,14,70,74,3,70,71,9,70,62,13,70,58,19,70,61,11,70,64,13,70,66,11
,71,71,4,71,71,7,71,59,19,71,62,16,71,60,17,71,61,11,71,60,8,71,66,14,71,70,8,71,68,7,71,62,14,71,64,10,71,70,10,71,69,6,71,76,3,71,60,15,71,62,15,71,70,9,71,63,16,71,73,7,71,73,3,71,62,13,71,74,3,71,72,6,71,60,15,71,65,15,71,72,5,71,59,18,71,66,14,71,73,7,71,63,14,71,71,4,71,60,16,71,64,16,71,70,9,71,75,5,71,61,16,71,65,15,71,64,16,71,71,9,71,62,11,71,64,12,71,63,14,71,74,3,71,71,9,71,62,13,71,58,19,71,61,11,71,64,13,71,66,11
,72,71,4,72,71,7,72,59,19,72,62,16,72,60,17,72,61,11,72,60,8,72,66,14,72,70,8,72,68,7,72,62,14,72,64,10,72,70,10,72,69,6,72,76,3,72,59,16,72,62,15,72,70,9,72,62,17,72,73,7,72,73,3,72,62,13,72,74,3,72,71,7,72,59,16,72,65,15,72,72,5,72,59,18,72,66,14,72,72,8,72,63,14,72,71,4,72,60,16,72,64,16,72,70,9,72,75,5,72,61,16,72,65,15,72,64,16,72,70,10,72,62,11,72,64,12,72,63,14,72,74,3,72,71,9,72,62,13,72,58,19,72,61,11,72,64,13,72,66,11
,73,71,4,73,71,7,73,59,19,73,62,16,73,60,17,73,60,12,73,60,8,73,66,14,73,70,8,73,68,7,73,62,14,73,64,10,73,70,10,73,69,6,73,76,3,73,59,16,73,62,15,73,70,9,73,62,17,73,73,7,73,73,3,73,62,13,73,74,3,73,71,7,73,59,16,73,65,15,73,72,5,73,59,18,73,66,14,73,72,8,73,63,14,73,71,4,73,60,16,73,64,16,73,70,9,73,75,5,73,60,17,73,65,15,73,64,16,73,70,10,73,62,11,73,64,12,73,63,14,73,74,3,73,70,10,73,62,13,73,58,19,73,61,11,73,64,13,73,66,11
,74,71,4,74,71,7,74,59,19,74,62,16,74,60,17,74,60,12,74,60,8,74,66,14,74,69,9,74,67,8,74,61,15,74,64,10,74,70,10,74,68,7,74,76,3,74,59,16,74,62,15,74,70,9,74,62,17,74,73,7,74,73,3,74,62,13,74,74,3,74,71,7,74,59,16,74,65,15,74,72,5,74,59,18,74,66,14,74,72,8,74,63,14,74,71,4,74,60,16,74,64,16,74,70,9,74,75,5,74,60,17,74,65,15,74,64,16,74,69,11,74,62,11,74,64,12,74,63,14,74,73,4,74,70,10,74,62,13,74,58,19,74,61,11,74,64,13,74,66,11
,75,71,4,75,71,7,75,59,19,75,62,16,75,60,17,75,59,13,75,60,8,75,66,14,75,69,9,75,67,8,75,61,15,75,64,10,75,70,10,75,68,7,75,76,3,75,58,17,75,62,15,75,70,9,75,62,17,75,73,7,75,73,3,75,62,13,75,74,3,75,71,7,75,59,16,75,65,15,75,72,5,75,59,18,75,66,14,75,71,9,75,63,14,75,71,4,75,60,16,75,64,16,75,70,9,75,75,5,75,60,17,75,65,15,75,63,17,75,69,11,75,62,11,75,64,12,75,63,14,75,72,5,75,70,10,75,62,13,75,58,19,75,61,11,75,64,13,75,66,11
,76,70,5,76,71,7,76,59,19,76,62,16,76,60,17,76,58,14,76,60,8,76,65,15,76,69,9,76,67,8,76,61,15,76,64,10,76,70,10,76,68,7,76,76,3,76,58,17,76,62,15,76,70,9,76,62,17,76,73,7,76,72,4,76,62,13,76,74,3,76,71,7,76,59,16,76,65,15,76,72,5,76,59,18,76,66,14,76,71,9,76,63,14,76,71,4,76,60,16,76,64,16,76,70,9,76,75,5,76,60,17,76,65,15,76,63,17,76,69,11,76,62,11,76,64,12,76,63,14,76,72,5,76,70,10,76,62,13,76,58,19,76,61,11,76,64,13,76,66,11
,77,70,5,77,71,7,77,59,19,77,62,16,77,59,18,77,57,15,77,60,8,77,65,15,77,68,10,77,66,9,77,61,15,77,64,10,77,70,10,77,68,7,77,76,3,77,57,18,77,62,15,77,70,9,77,61,18,77,73,7,77,72,4,77,62,13,77,74,3,77,71,7,77,59,16,77,64,16,77,72,5,77,59,18,77,66,14,77,70,10,77,63,14,77,71,4,77,59,17,77,64,16,77,70,9,77,75,5,77,59,18,77,65,15,77,63,17,77,69,11,77,62,11,77,63,13,77,63,14,77,72,5,77,69,11,77,62,13,77,58,19,77,61,11,77,64,13,77,66,11
,78,69,6,78,70,8,78,59,19,78,61,17,78,58,19,78,56,16,78,60,8,78,64,16,78,68,10,78,65,10,78,61,15,78,64,10,78,70,10,78,68,7,78,76,3,78,56,19,78,62,15,78,70,9,78,61,18,78,73,7,78,71,5,78,62,13,78,74,3,78,71,7,78,59,16,78,64,16,78,72,5,78,59,18,78,66,14,78,70,10,78,63,14,78,71,4,78,59,17,78,64,16,78,70,9,78,75,5,78,58,19,78,65,15,78,63,17,78,69,11,78,62,11,78,63,13,78,63,14,78,72,5,78,69,11,78,62,13,78,58,19,78,61,11,78,64,13,78,66,11
,79,69,6,79,70,8,79,59,19,79,61,17,79,57,20,79,56,16,79,60,8,79,64,16,79,68,10,79,65,10,79,60,16,79,64,10,79,70,10,79,68,7,79,75,4,79,56,19,79,62,15,79,70,9,79,61,18,79,73,7,79,70,6,79,62,13,79,74,3,79,71,7,79,59,16,79,64,16,79,72,5,79,59,18,79,66,14,79,70,10,79,63,14,79,70,5,79,59,17,79,64,16,79,70,9,79,75,5,79,58,19,79,65,15,79,63,17,79,69,11,79,62,11,79,63,13,79,63,14,79,72,5,79,69,11,79,62,13,79,58,19,79,61,11,79,64,13,79,66,11
,80,69,6,80,70,8,80,58,20,80,61,17,80,57,20,80,56,16,80,60,8,80,64,16,80,68,10,80,65,10,80,60,16,80,64,10,80,70,10,80,68,7,80,75,4,80,56,19,80,62,15,80,70,9,80,61,18,80,73,7,80,70,6,80,62,13,80,74,3,80,71,7,80,59,16,80,64,16,80,72,5,80,59,18,80,66,14,80,70,10,80,63,14,80,70,5,80,59,17,80,64,16,80,70,9,80,75,5,80,58,19,80,65,15,80,63,17,80,69,11,80,62,11,80,63,13,80,63,14,80,71,6,80,69,11,80,62,13,80,58,19,80,60,12,80,64,13,80,66,11
,81,68,7,81,70,8,81,58,20,81,61,17,81,57,20,81,56,16,81,60,8,81,64,16,81,68,10,81,65,10,81,60,16,81,64,10,81,70,10,81,68,7,81,75,4,81,55,20,81,62,15,81,70,9,81,61,18,81,73,7,81,69,7,81,62,13,81,74,3,81,71,7,81,59,16,81,64,16,81,72,5,81,59,18,81,66,14,81,70,10,81,63,14,81,70,5,81,59,17,81,64,16,81,69,10,81,74,6,81,57,20,81,65,15,81,62,18,81,69,11,81,61,12,81,63,13,81,63,14,81,71,6,81,69,11,81,62,13,81,58,19,81,59,13,81,64,13,81,66,11
,82,68,7,82,70,8,82,58,20,82,61,17,82,57,20,82,56,16,82,60,8,82,64,16,82,68,10,82,65,10,82,60,16,82,64,10,82,70,10,82,68,7,82,75,4,82,55,20,82,62,15,82,70,9,82,60,19,82,73,7,82,69,7,82,62,13,82,73,4,82,71,7,82,59,16,82,64,16,82,72,5,82,59,18,82,66,14,82,69,11,82,63,14,82,69,6,82,59,17,82,64,16,82,69,10,82,73,7,82,57,20,82,65,15,82,62,18,82,69,11,82,61,12,82,63,13,82,63,14,82,71,6,82,69,11,82,62,13,82,58,19,82,59,13,82,64,13,82,66,11
,83,66,9,83,69,9,83,58,20,83,61,17,83,57,20,83,56,16,83,60,8,83,64,16,83,68,10,83,65,10,83,60,16,83,64,10,83,70,10,83,68,7,83,75,4,83,55,20,83,62,15,83,70,9,83,60,19,83,73,7,83,69,7,83,62,13,83,72,5,83,71,7,83,59,16,83,64,16,83,72,5,83,59,18,83,66,14,83,69,11,83,63,14,83,69,6,83,58,18,83,63,17,83,69,10,83,73,7,83,57,20,83,65,15,83,62,18,83,69,11,83,61,12,83,63,13,83,63,14,83,71,6,83,69,11,83,62,13,83,58,19,83,58,14,83,64,13,83,66,11
,84,65,10,84,68,10,84,57,21,84,61,17,84,56,21,84,56,16,84,60,8,84,63,17,84,68,10,84,65,10,84,58,18,84,64,10,84,70,10,84,67,8,84,75,4,84,55,20,84,62,15,84,70,9,84,60,19,84,73,7,84,69,7,84,61,14,84,72,5,84,71,7,84,59,16,84,63,17,84,72,5,84,59,18,84,66,14,84,69,11,84,63,14,84,69,6,84,58,18,84,63,17,84,69,10,84,73,7,84,56,21,84,65,15,84,62,18,84,69,11,84,61,12,84,63,13,84,63,14,84,71,6,84,69,11,84,62,13,84,58,19,84,57,15,84,64,13,84,66,11
,85,65,10,85,68,10,85,57,21,85,60,18,85,55,22,85,56,16,85,60,8,85,62,18,85,68,10,85,65,10,85,56,20,85,64,10,85,70,10,85,67,8,85,75,4,85,55,20,85,62,15,85,70,9,85,60,19,85,73,7,85,69,7,85,61,14,85,72,5,85,71,7,85,59,16,85,63,17,85,72,5,85,59,18,85,66,14,85,69,11,85,63,14,85,69,6,85,57,19,85,63,17,85,69,10,85,73,7,85,56,21,85,65,15,85,62,18,85,69,11,85,61,12,85,63,13,85,63,14,85,71,6,85,69,11,85,62,13,85,58,19,85,56,16,85,64,13,85,66,11
,86,65,10,86,68,10,86,56,22,86,60,18,86,55,22,86,56,16,86,60,8,86,62,18,86,68,10,86,65,10,86,55,21,86,64,10,86,70,10,86,67,8,86,75,4,86,54,21,86,62,15,86,70,9,86,60,19,86,73,7,86,69,7,86,61,14,86,71,6,86,71,7,86,59,16,86,63,17,86,72,5,86,59,18,86,66,14,86,69,11,86,63,14,86,69,6,86,56,20,86,63,17,86,69,10,86,73,7,86,56,21,86,65,15,86,62,18,86,69,11,86,61,12,86,63,13,86,63,14,86,71,6,86,69,11,86,62,13,86,58,19,86,55,17,86,64,13,86,65,12
,87,64,11,87,67,11,87,56,22,87,60,18,87,55,22,87,56,16,87,60,8,87,62,18,87,68,10,87,65,10,87,54,22,87,64,10,87,70,10,87,67,8,87,75,4,87,54,21,87,62,15,87,69,10,87,60,19,87,73,7,87,69,7,87,60,15,87,70,7,87,70,8,87,59,16,87,63,17,87,72,5,87,58,19,87,66,14,87,69,11,87,63,14,87,69,6,87,56,20,87,63,17,87,69,10,87,73,7,87,56,21,87,65,15,87,62,18,87,69,11,87,61,12,87,63,13,87,63,14,87,71,6,87,69,11,87,62,13,87,58,19,87,55,17,87,64,13,87,64,13
,88,64,11,88,66,12,88,56,22,88,60,18,88,55,22,88,56,16,88,60,8,88,61,19,88,68,10,88,64,11,88,54,22,88,64,10,88,70,10,88,66,9,88,75,4,88,54,21,88,61,16,88,69,10,88,60,19,88,72,8,88,67,9,88,60,15,88,70,7,88,69,9,88,59,16,88,62,18,88,72,5,88,58,19,88,66,14,88,69,11,88,63,14,88,69,6,88,56,20,88,63,17,88,69,10,88,73,7,88,56,21,88,65,15,88,62,18,88,69,11,88,61,12,88,63,13,88,63,14,88,71,6,88,69,11,88,62,13,88,58,19,88,55,17,88,64,13,88,64,13
,89,64,11,89,65,13,89,56,22,89,60,18,89,54,23,89,55,17,89,60,8,89,61,19,89,68,10,89,64,11,89,54,22,89,64,10,89,70,10,89,65,10,89,75,4,89,54,21,89,61,16,89,68,11,89,60,19,89,71,9,89,67,9,89,60,15,89,70,7,89,69,9,89,59,16,89,62,18,89,72,5,89,58,19,89,66,14,89,69,11,89,63,14,89,69,6,89,56,20,89,63,17,89,69,10,89,73,7,89,55,22,89,65,15,89,62,18,89,69,11,89,61,12,89,63,13,89,62,15,89,71,6,89,69,11,89,62,13,89,58,19,89,54,18,89,64,13,89,64,13
,90,64,11,90,65,13,90,55,23,90,59,19,90,54,23,90,54,18,90,60,8,90,61,19,90,68,10,90,64,11,90,54,22,90,64,10,90,70,10,90,65,10,90,75,4,90,54,21,90,61,16,90,68,11,90,59,20,90,71,9,90,66,10,90,60,15,90,70,7,90,69,9,90,59,16,90,62,18,90,72,5,90,58,19,90,66,14,90,69,11,90,63,14,90,69,6,90,56,20,90,63,17,90,69,10,90,73,7,90,55,22,90,65,15,90,62,18,90,69,11,90,61,12,90,63,13,90,62,15,90,71,6,90,69,11,90,62,13,90,57,20,90,54,18,90,64,13,90,64,13
,91,63,12,91,65,13,91,55,23,91,58,20,91,54,23,91,53,19,91,60,8,91,61,19,91,68,10,91,64,11,91,54,22,91,64,10,91,70,10,91,64,11,91,75,4,91,54,21,91,61,16,91,68,11,91,59,20,91,71,9,91,66,10,91,60,15,91,70,7,91,68,10,91,59,16,91,62,18,91,72,5,91,58,19,91,66,14,91,69,11,91,63,14,91,69,6,91,56,20,91,63,17,91,69,10,91,72,8,91,55,22,91,65,15,91,62,18,91,69,11,91,61,12,91,62,14,91,62,15,91,71,6,91,69,11,91,62,13,91,57,20,91,54,18,91,64,13,91,64,13
,92,62,13,92,64,14,92,55,23,92,57,21,92,54,23,92,53,19,92,60,8,92,61,19,92,68,10,92,64,11,92,54,22,92,64,10,92,70,10,92,64,11,92,75,4,92,54,21,92,61,16,92,68,11,92,59,20,92,71,9,92,66,10,92,60,15,92,70,7,92,68,10,92,59,16,92,62,18,92,72,5,92,58,19,92,66,14,92,69,11,92,63,14,92,69,6,92,55,21,92,63,17,92,69,10,92,72,8,92,55,22,92,65,15,92,62,18,92,69,11,92,61,12,92,62,14,92,62,15,92,71,6,92,68,12,92,62,13,92,57,20,92,53,19,92,64,13,92,64,13
,93,62,13,93,63,15,93,55,23,93,57,21,93,54,23,93,53,19,93,60,8,93,61,19,93,67,11,93,63,12,93,54,22,93,64,10,93,70,10,93,64,11,93,75,4,93,54,21,93,61,16,93,68,11,93,59,20,93,71,9,93,65,11,93,60,15,93,70,7,93,67,11,93,58,17,93,61,19,93,71,6,93,58,19,93,66,14,93,69,11,93,63,14,93,69,6,93,54,22,93,63,17,93,69,10,93,72,8,93,55,22,93,65,15,93,62,18,93,69,11,93,61,12,93,62,14,93,62,15,93,71,6,93,68,12,93,62,13,93,57,20,93,53,19,93,64,13,93,64,13
,94,61,14,94,63,15,94,55,23,94,57,21,94,53,24,94,53,19,94,60,8,94,61,19,94,66,12,94,63,12,94,54,22,94,64,10,94,69,11,94,64,11,94,75,4,94,54,21,94,61,16,94,68,11,94,58,21,94,71,9,94,65,11,94,60,15,94,70,7,94,67,11,94,58,17,94,60,20,94,71,6,94,58,19,94,66,14,94,69,11,94,63,14,94,69,6,94,54,22,94,63,17,94,69,10,94,72,8,94,55,22,94,65,15,94,62,18,94,69,11,94,61,12,94,62,14,94,62,15,94,71,6,94,68,12,94,62,13,94,57,20,94,53,19,94,64,13,94,64,13
,95,61,14,95,63,15,95,55,23,95,56,22,95,53,24,95,53,19,95,60,8,95,61,19,95,66,12,95,63,12,95,54,22,95,64,10,95,69,11,95,64,11,95,75,4,95,54,21,95,60,17,95,68,11,95,57,22,95,71,9,95,65,11,95,60,15,95,70,7,95,67,11,95,58,17,95,60,20,95,71,6,95,58,19,95,66,14,95,69,11,95,63,14,95,69,6,95,54,22,95,63,17,95,69,10,95,72,8,95,54,23,95,65,15,95,62,18,95,69,11,95,61,12,95,62,14,95,62,15,95,71,6,95,67,13,95,62,13,95,57,20,95,53,19,95,64,13,95,64,13
,96,61,14,96,63,15,96,55,23,96,55,23,96,53,24,96,52,20,96,60,8,96,61,19,96,66,12,96,63,12,96,54,22,96,64,10,96,69,11,96,63,12,96,74,5,96,54,21,96,60,17,96,68,11,96,57,22,96,71,9,96,64,12,96,59,16,96,70,7,96,66,12,96,58,17,96,60,20,96,71,6,96,58,19,96,66,14,96,69,11,96,62,15,96,69,6,96,54,22,96,63,17,96,69,10,96,72,8,96,53,24,96,65,15,96,62,18,96,69,11,96,61,12,96,61,15,96,62,15,96,71,6,96,67,13,96,62,13,96,57,20,96,53,19,96,64,13,96,64,13
,97,61,14,97,63,15,97,55,23,97,55,23,97,53,24,97,51,21,97,60,8,97,61,19,97,65,13,97,63,12,97,54,22,97,64,10,97,69,11,97,63,12,97,74,5,97,54,21,97,60,17,97,68,11,97,57,22,97,71,9,97,64,12,97,59,16,97,70,7,97,66,12,97,57,18,97,59,21,97,70,7,97,58,19,97,66,14,97,69,11,97,61,16,97,69,6,97,54,22,97,63,17,97,69,10,97,71,9,97,53,24,97,65,15,97,62,18,97,69,11,97,61,12,97,61,15,97,62,15,97,71,6,97,67,13,97,62,13,97,57,20,97,52,20,97,64,13,97,64,13
,98,61,14,98,63,15,98,55,23,98,55,23,98,53,24,98,51,21,98,60,8,98,61,19,98,65,13,98,63,12,98,54,22,98,64,10,98,69,11,98,63,12,98,74,5,98,54,21,98,59,18,98,68,11,98,57,22,98,71,9,98,64,12,98,58,17,98,70,7,98,66,12,98,56,19,98,59,21,98,70,7,98,58,19,98,66,14,98,69,11,98,60,17,98,69,6,98,54,22,98,63,17,98,69,10,98,71,9,98,53,24,98,65,15,98,62,18,98,69,11,98,61,12,98,61,15,98,62,15,98,71,6,98,67,13,98,62,13,98,57,20,98,52,20,98,64,13,98,64,13
,99,61,14,99,62,16,99,55,23,99,55,23,99,53,24,99,51,21,99,60,8,99,61,19,99,65,13,99,63,12,99,54,22,99,64,10,99,69,11,99,63,12,99,74,5,99,54,21,99,59,18,99,68,11,99,57,22,99,71,9,99,64,12,99,58,17,99,70,7,99,66,12,99,56,19,99,58,22,99,70,7,99,57,20,99,66,14,99,69,11,99,59,18,99,69,6,99,54,22,99,63,17,99,68,11,99,71,9,99,52,25,99,65,15,99,62,18,99,69,11,99,61,12,99,61,15,99,62,15,99,71,6,99,67,13,99,62,13,99,57,20,99,52,20,99,64,13,99,64,13
,100,61,14,100,62,16,100,55,23,100,55,23,100,53,24,100,51,21,100,59,9,100,61,19,100,65,13,100,63,12,100,54,22,100,64,10,100,69,11,100,63,12,100,74,5,100,54,21,100,58,19,100,67,12,100,57,22,100,71,9,100,63,13,100,58,17,100,70,7,100,66,12,100,55,20,100,57,23,100,70,7,100,56,21,100,66,14,100,69,11,100,59,18,100,69,6,100,54,22,100,63,17,100,68,11,100,71,9,100,52,25,100,65,15,100,62,18,100,69,11,100,61,12,100,61,15,100,61,16,100,71,6,100,67,13,100,62,13,100,57,20,100,52,20,100,63,14,100,64,13
